product_id,product_category,product_name,review_description,number_stars,review_date,customer_id,customer_name,zip_code,customer_age
P1002,Electronics,Smartphone X,"Very good quality, happy with the purchase.",4,2023-10-09,C0190,Olivia Visser,3286 XD,27.0
P5001,Clothing,Basic T-Shirt,"It's okay, nothing special.",3,2024-03-08,C0152,Emma Jansen,2535 GH,40.0
P5001,Clothing,Basic T-Shirt,"Would not buy again, but not a total disaster.",2,2024-07-28,C0007,Olivia Kok,7873 HO,40.0
P5002,Clothing,Jeans Classic Fit,"Fantastic, everything works perfectly.",5,2023-01-07,C0208,Noah Mulder,6574 IE,
P2002,Home,Air Purifier,Packaging was fine but the product is useless.,1,2023-04-05,C0027,Mila de Vries,6881 LT,32.0
P3001,Beauty,Hydrating Face Cream,"Average product, does what it should.",3,2024-04-15,C0187,Julia de Vries,7201 CR,33.0
P3001,Beauty,Hydrating Face Cream,Would definitely consider buying again.,4,2024-01-06,C0227,Levi Visser,2139 BV,18.0
P2002,Home,Air Purifier,Works fine but could be improved.,3,2023-08-27,C0021,Liam Mulder,5554 OU,46.0
P3002,Beauty,Shampoo Repair,"Solid product, feels durable.",4,2023-12-30,C0095,Olivia Smit,2169 TU,34.0
P2001,Home,Robot Vacuum,Exceeded my expectations in some areas.,4,2023-09-08,C0187,Noah de Boer,,31.0
P5001,Clothing,Basic T-Shirt,Good value for money.,4,2023-11-29,C0176,Emma Visser,1525 ZK,32.0
P4001,Grocery,Organic Coffee Beans,Most features work really well.,4,2023-08-05,C0017,Levi Meijer,4483 UP,43.0
P4001,Grocery,Organic Coffee Beans,Overall a positive experience.,4,2023-09-29,C0037,Noah Visser,9830 IX,39.0
P5002,Clothing,Jeans Classic Fit,"Not bad, but I expected a bit more.",3,2024-08-20,C0230,Mila Meijer,4593 EQ,33.0
P4002,Grocery,Gluten-Free Pasta,"Not great, but I can still use it.",2,2023-02-18,C0194,Liam Bakker,3621 ZV,32.0
P4001,Grocery,Organic Coffee Beans,"Would not buy again, but not a total disaster.",2,2024-01-30,C0017,Mila Peters,8668 QI,46.0
P5001,Clothing,Basic T-Shirt,"Very good quality, happy with the purchase.",4,2023-04-28,C0175,Julia Smit,6573 DJ,28.0
P4001,Grocery,Organic Coffee Beans,"Solid product, feels durable.",4,2023-01-04,C0117,Lucas Kok,3927 QD,36.0
P3001,Beauty,Hydrating Face Cream,Battery life is horrible.,1,2023-07-23,C0156,Noah Meijer,3646 RY,35.0
P5001,Clothing,Basic T-Shirt,"Very good quality, happy with the purchase.",4,2023-11-28,C0154,Daan Jansen,2832 LZ,41.0
P3001,Beauty,Hydrating Face Cream,Good value for money.,4,2023-09-04,C0015,Levi de Vries,2403 XP,63.0
P1002,Electronics,Smartphone X,Exactly what you would expect at this price point.,3,2023-05-09,C0197,Noah de Boer,3705 IQ,48.0
P5002,Clothing,Jeans Classic Fit,Customer service was outstanding.,5,2023-08-05,C0247,Julia Visser,6107 MV,39.0
P3002,Beauty,Shampoo Repair,Far exceeded my expectations.,5,2024-06-13,C0231,Daan de Vries,5061 HC,45.0
P3002,Beauty,Shampoo Repair,"Below average, works but with many issues.",2,2024-07-21,C0151,Olivia Peters,4608 AC,28.0
P1001,Electronics,Wireless Earbuds,"Some pros and cons, overall neutral.",3,2023-02-02,C0018,Sophie de Vries,,23.0
P4002,Grocery,Gluten-Free Pasta,Best purchase I've made this year.,5,2023-05-16,C0139,Levi Peters,8744 HZ,25.0
P4002,Grocery,Gluten-Free Pasta,Delivered on time and well packaged.,4,2023-04-07,C0049,Liam Mulder,6804 NN,30.0
P4002,Grocery,Gluten-Free Pasta,"Below average, works but with many issues.",2,2024-10-31,C0173,Liam Jansen,7596 XK,43.0
P1002,Electronics,Smartphone X,Best purchase I've made this year.,5,2023-07-14,C0050,Julia de Boer,3296 NF,45.0
P3001,Beauty,Hydrating Face Cream,Far exceeded my expectations.,5,2023-03-19,C0064,Daan Kok,2604 BU,36.0
P5001,Clothing,Basic T-Shirt,"Below average, works but with many issues.",2,2023-04-06,C0249,Olivia Bakker,7658 PP,32.0
P2002,Home,Air Purifier,Customer service was outstanding.,5,2023-03-02,C0232,Noah Mulder,1035 MI,24.0
P4002,Grocery,Gluten-Free Pasta,"Some features work, others don't.",2,2024-12-14,C0109,Julia de Boer,3536 GJ,47.0
P2002,Home,Air Purifier,"Very good quality, happy with the purchase.",4,2024-07-09,C0149,Emma Meijer,1936 BS,48.0
P4002,Grocery,Gluten-Free Pasta,Exceeded my expectations in some areas.,4,2024-06-27,C0236,Noah Jansen,9320 CF,29.0
P1002,Electronics,Smartphone X,,5,2024-11-22,C0018,Olivia Mulder,2964 SH,28.0
P5002,Clothing,Jeans Classic Fit,"Top-notch product, worth every euro.",5,2024-09-26,C0011,Liam Mulder,9565 KI,37.0
P2002,Home,Air Purifier,Superb build quality and design.,5,2023-09-29,C0062,Mila Bakker,5915 OK,51.0
P1002,Electronics,Smartphone X,"Very good quality, happy with the purchase.",4,2024-09-28,C0118,Levi de Vries,2200 RG,41.0
P5001,Clothing,Basic T-Shirt,Most features work really well.,4,2023-12-24,C0034,Liam Visser,,34.0
P4002,Grocery,Gluten-Free Pasta,Had to contact support several times.,2,2023-11-06,C0181,Levi Kok,1128 VR,37.0
P3001,Beauty,Hydrating Face Cream,"Very disappointed, not as described.",1,2023-05-18,C0241,Lucas de Vries,2753 XR,25.0
P2001,Home,Robot Vacuum,Most features work really well.,4,2024-09-11,C0073,Olivia Meijer,4335 VU,47.0
P3001,Beauty,Hydrating Face Cream,I use this every day and it never disappoints.,5,2023-09-15,C0126,Emma de Vries,7939 IB,33.0
P1001,Electronics,Wireless Earbuds,Superb build quality and design.,5,2023-05-14,C0198,Lucas Bakker,8239 RW,24.0
P4001,Grocery,Organic Coffee Beans,Exactly what you would expect at this price point.,3,2023-04-25,C0003,Liam Bakker,9938 BL,36.0
P5002,Clothing,Jeans Classic Fit,Exactly what you would expect at this price point.,3,2024-03-16,C0038,Noah Jansen,6050 LZ,34.0
P1001,Electronics,Wireless Earbuds,Superb build quality and design.,5,2024-11-29,C0054,Olivia de Vries,6794 YR,42.0
P4001,Grocery,Organic Coffee Beans,"Top-notch product, worth every euro.",5,2023-06-08,C0192,Olivia Bakker,3900 NA,48.0
P2001,Home,Robot Vacuum,Superb build quality and design.,5,2024-02-26,C0201,Olivia Smit,3608 ZW,50.0
P1002,Electronics,Smartphone X,Customer service was outstanding.,5,2023-02-09,C0224,Daan Visser,,39.0
P3001,Beauty,Hydrating Face Cream,Good value for money.,4,2023-01-25,C0058,Olivia Mulder,6378 IC,35.0
P3001,Beauty,Hydrating Face Cream,Comfortable to use and easy to set up.,4,2024-06-05,C0165,Mila Kok,6425 AD,34.0
P3001,Beauty,Hydrating Face Cream,Great quality and amazing performance.,5,2023-09-29,C0149,Emma de Vries,8119 LX,18.0
P3002,Beauty,Shampoo Repair,"Not bad, but I expected a bit more.",3,2024-06-07,C0156,Liam Mulder,4114 IB,41.0
P4001,Grocery,Organic Coffee Beans,"Below average, works but with many issues.",2,2024-07-05,C0134,Olivia Meijer,,42.0
P3002,Beauty,Shampoo Repair,Would definitely consider buying again.,4,2024-11-10,C0081,Liam Smit,9308 JV,36.0
P4001,Grocery,Organic Coffee Beans,Comfortable to use and easy to set up.,4,2024-12-14,C0104,Lucas Kok,3085 GN,29.0
P4001,Grocery,Organic Coffee Beans,Great quality and amazing performance.,5,2024-08-05,C0158,Lucas Mulder,9977 AJ,50.0
P3001,Beauty,Hydrating Face Cream,Best purchase I've made this year.,5,2024-08-16,C0111,Levi Meijer,8618 OO,37.0
P2002,Home,Air Purifier,Exceeded my expectations in some areas.,4,2023-06-23,C0122,Liam Smit,9445 VU,22.0
P5002,Clothing,Jeans Classic Fit,,3,2023-08-29,C0024,Lucas Visser,4262 EA,38.0
P1001,Electronics,Wireless Earbuds,Good value for money.,4,2024-09-17,C0122,Liam de Boer,7790 US,34.0
P2002,Home,Air Purifier,Instructions were unclear and confusing.,2,2024-02-14,C0127,Olivia Bakker,1090 YY,42.0
P1002,Electronics,Smartphone X,"Not bad, but I expected a bit more.",3,2023-06-30,C0057,Julia de Boer,1822 RH,35.0
P1002,Electronics,Smartphone X,Design is okay but functionality is lacking.,2,2024-04-20,C0035,Julia Kok,6198 YO,41.0
P5002,Clothing,Jeans Classic Fit,Exactly what you would expect at this price point.,3,2024-07-15,C0110,Daan Bakker,8777 OI,37.0
P2002,Home,Air Purifier,Most features work really well.,4,2024-06-17,C0197,Daan Visser,5499 OC,31.0
P3001,Beauty,Hydrating Face Cream,Best purchase I've made this year.,5,2023-12-10,C0070,Sophie Kok,2320 EE,44.0
P2002,Home,Air Purifier,Delivered on time and well packaged.,4,2023-06-06,C0178,Olivia de Vries,7797 NK,50.0
P5001,Clothing,Basic T-Shirt,,4,2023-03-05,C0107,Olivia Mulder,7381 YS,50.0
P1001,Electronics,Wireless Earbuds,"Would not buy again, but not a total disaster.",2,2024-05-03,C0098,Emma Meijer,5892 YM,33.0
P4001,Grocery,Organic Coffee Beans,Exactly what you would expect at this price point.,3,2024-07-13,C0192,Levi Visser,8999 HI,46.0
P4001,Grocery,Organic Coffee Beans,Looks cheap and feels flimsy.,1,2024-02-03,C0008,Sophie Mulder,3704 OE,53.0
P5002,Clothing,Jeans Classic Fit,Battery life is horrible.,1,2024-02-08,C0007,Levi Peters,1444 CU,45.0
P4001,Grocery,Organic Coffee Beans,"Solid product, feels durable.",4,2024-04-17,C0222,Noah Jansen,5262 MK,43.0
P2002,Home,Air Purifier,"Product is fine, shipping was slow.",3,2023-12-12,C0084,Mila Smit,7906 IC,26.0
P4002,Grocery,Gluten-Free Pasta,"Very good quality, happy with the purchase.",4,2024-07-06,C0192,Emma Meijer,4673 UC,43.0
P1001,Electronics,Wireless Earbuds,"Below average, works but with many issues.",2,2023-09-11,C0244,Olivia Jansen,3496 HE,36.0
P4002,Grocery,Gluten-Free Pasta,"Works as described, would recommend.",4,2023-08-12,C0145,Daan Smit,7043 FT,34.0
P5002,Clothing,Jeans Classic Fit,"Works as described, would recommend.",4,2023-06-17,C0200,Lucas de Vries,1420 JS,43.0
P4001,Grocery,Organic Coffee Beans,Customer service was outstanding.,5,2023-07-23,C0242,Liam Peters,4978 DW,50.0
P3001,Beauty,Hydrating Face Cream,Good enough for occasional use.,3,2023-05-04,C0207,Levi Jansen,6688 RN,60.0
P3002,Beauty,Shampoo Repair,"Not great, but I can still use it.",2,2024-10-25,C0130,Sophie Jansen,7882 PD,25.0
P4001,Grocery,Organic Coffee Beans,,4,2024-04-15,C0163,Noah Mulder,3885 XQ,48.0
P3001,Beauty,Hydrating Face Cream,"Top-notch product, worth every euro.",5,2024-07-05,C0207,Daan de Boer,8136 XS,43.0
P3001,Beauty,Hydrating Face Cream,Feels outdated and slow.,2,2023-09-09,C0219,Liam Smit,8385 HY,48.0
P4002,Grocery,Gluten-Free Pasta,Good enough for occasional use.,3,2024-11-15,C0157,Mila Meijer,,40.0
P2001,Home,Robot Vacuum,Looks cheap and feels flimsy.,1,2023-12-30,C0055,Lucas Meijer,5581 TW,45.0
P3001,Beauty,Hydrating Face Cream,Had to contact support several times.,2,2024-06-13,C0003,Olivia de Vries,4954 XN,39.0
P4002,Grocery,Gluten-Free Pasta,Exceeded my expectations in some areas.,4,2023-09-04,C0195,Daan de Boer,8342 ZA,
P1002,Electronics,Smartphone X,Most features work really well.,4,2024-02-19,C0057,Olivia Smit,7046 PR,44.0
P5001,Clothing,Basic T-Shirt,Meets the basic requirements.,3,2024-07-17,C0109,Sophie Meijer,8434 IJ,29.0
P3001,Beauty,Hydrating Face Cream,Good value for money.,4,2023-07-17,C0031,Sophie de Vries,9779 YW,44.0
P2001,Home,Robot Vacuum,Best purchase I've made this year.,5,2024-05-10,C0056,Lucas Peters,9595 TJ,49.0
P1002,Electronics,Smartphone X,Good value for money.,4,2023-08-21,C0076,Sophie Bakker,5952 AW,30.0
P5001,Clothing,Basic T-Shirt,"Solid product, feels durable.",4,2023-02-16,C0071,Emma Kok,5786 WE,39.0
P4002,Grocery,Gluten-Free Pasta,"It's okay, nothing special.",3,2023-01-13,C0224,Levi Smit,,45.0
P3002,Beauty,Shampoo Repair,"Solid product, feels durable.",4,2023-02-22,C0248,Lucas de Boer,2869 CM,35.0
P4002,Grocery,Gluten-Free Pasta,"Absolutely love it, would buy again.",5,2024-10-06,C0148,Emma Bakker,,62.0
P3001,Beauty,Hydrating Face Cream,"Works as described, would recommend.",4,2023-05-02,C0064,Julia Mulder,4697 YQ,38.0
P4001,Grocery,Organic Coffee Beans,"Product is fine, shipping was slow.",3,2024-03-29,C0233,Lucas Peters,8025 JS,29.0
P5002,Clothing,Jeans Classic Fit,"Terrible quality, stopped working after a week.",1,2023-04-12,C0157,Olivia Visser,5335 VC,46.0
P2001,Home,Robot Vacuum,Good value for money.,4,2024-07-19,C0045,Liam Bakker,1043 NO,36.0
P5002,Clothing,Jeans Classic Fit,Far exceeded my expectations.,5,2023-02-03,C0075,Olivia Smit,5632 WO,
P1002,Electronics,Smartphone X,Best purchase I've made this year.,5,2023-09-28,C0237,Levi Visser,7965 DR,33.0
P2002,Home,Air Purifier,"Solid product, feels durable.",4,2023-09-30,C0233,Noah de Vries,1977 FZ,44.0
P3001,Beauty,Hydrating Face Cream,"Top-notch product, worth every euro.",5,2024-08-05,C0192,Lucas de Boer,3037 OW,29.0
P3001,Beauty,Hydrating Face Cream,Delivered on time and well packaged.,4,2023-10-06,C0242,Julia Kok,9090 OC,33.0
P5002,Clothing,Jeans Classic Fit,"Excellent product, highly recommended!",5,2024-03-18,C0228,Sophie Peters,5102 AC,43.0
P2002,Home,Air Purifier,"Would not buy again, but not a total disaster.",2,2023-01-22,C0151,Lucas Peters,1659 YY,53.0
P2001,Home,Robot Vacuum,Overall a positive experience.,4,2024-10-29,C0133,Daan Smit,3973 SN,47.0
P4002,Grocery,Gluten-Free Pasta,"Absolutely love it, would buy again.",5,2023-12-23,C0121,Mila Meijer,6260 VD,
P2001,Home,Robot Vacuum,Comfortable to use and easy to set up.,4,2024-12-11,C0106,Daan Smit,7561 YR,29.0
P1001,Electronics,Wireless Earbuds,"Product is fine, shipping was slow.",3,2023-11-19,C0023,Lucas Meijer,2899 YM,50.0
P5001,Clothing,Basic T-Shirt,"Excellent product, highly recommended!",5,2024-07-09,C0169,Daan Mulder,1888 GQ,40.0
P3002,Beauty,Shampoo Repair,"Top-notch product, worth every euro.",5,2024-05-25,C0194,Daan Jansen,4335 IR,40.0
P2001,Home,Robot Vacuum,Most features work really well.,4,2024-12-16,C0113,Daan de Vries,1472 UT,50.0
P2002,Home,Air Purifier,"Solid product, feels durable.",4,2024-07-18,C0080,Emma Kok,7684 CH,38.0
P1002,Electronics,Smartphone X,Far exceeded my expectations.,5,2023-05-01,C0243,Noah de Boer,5781 QW,
P3001,Beauty,Hydrating Face Cream,Delivered on time and well packaged.,4,2024-05-09,C0214,Daan Visser,8483 RE,39.0
P4001,Grocery,Organic Coffee Beans,Good value for money.,4,2024-09-05,C0236,Julia Bakker,2143 IY,39.0
P4001,Grocery,Organic Coffee Beans,Packaging was fine but the product is useless.,1,2024-06-03,C0240,Lucas Jansen,5634 XJ,30.0
P5002,Clothing,Jeans Classic Fit,Would definitely consider buying again.,4,2024-05-16,C0169,Noah de Boer,9824 PL,21.0
P3002,Beauty,Shampoo Repair,Exceeded my expectations in some areas.,4,2024-07-10,C0196,Mila de Boer,6272 GW,41.0
P2002,Home,Air Purifier,One of the worst purchases I've made.,1,2023-08-28,C0099,Mila Jansen,6213 XP,29.0
P4001,Grocery,Organic Coffee Beans,Delivered on time and well packaged.,4,2024-10-29,C0170,Noah de Boer,1606 EQ,34.0
P5002,Clothing,Jeans Classic Fit,Superb build quality and design.,5,2023-04-13,C0223,Daan de Vries,9617 OA,42.0
P2001,Home,Robot Vacuum,Instructions were unclear and confusing.,2,2024-11-01,C0223,Noah de Vries,8692 ZI,26.0
P3002,Beauty,Shampoo Repair,"Would not buy again, but not a total disaster.",2,2024-02-12,C0178,Liam Meijer,9742 MK,59.0
P4002,Grocery,Gluten-Free Pasta,Exceeded my expectations in some areas.,4,2024-09-24,C0010,Liam Visser,5708 HX,54.0
P1002,Electronics,Smartphone X,Customer service was outstanding.,5,2024-10-10,C0026,Liam de Boer,3725 WJ,38.0
P1001,Electronics,Wireless Earbuds,"Very good quality, happy with the purchase.",4,2023-02-27,C0084,Lucas Meijer,7141 NE,41.0
P2002,Home,Air Purifier,I use this every day and it never disappoints.,5,2024-08-02,C0106,Noah Bakker,3868 CT,33.0
P4001,Grocery,Organic Coffee Beans,"Would not buy again, but not a total disaster.",2,2023-09-04,C0175,Daan Peters,3344 HO,22.0
P3001,Beauty,Hydrating Face Cream,Looks cheap and feels flimsy.,1,2024-11-13,C0066,Emma de Boer,5712 VR,
P2001,Home,Robot Vacuum,"It's okay, nothing special.",3,2023-12-20,C0114,Levi Smit,7951 WI,52.0
P4002,Grocery,Gluten-Free Pasta,Works fine but could be improved.,3,2024-01-29,C0051,Daan de Vries,4886 MS,40.0
P3002,Beauty,Shampoo Repair,"Top-notch product, worth every euro.",5,2024-12-17,C0076,Lucas Jansen,7484 IA,23.0
P5002,Clothing,Jeans Classic Fit,"Very good quality, happy with the purchase.",4,2024-09-12,C0234,Daan Smit,4770 TZ,41.0
P3002,Beauty,Shampoo Repair,Good value for money.,4,2023-07-14,C0163,Levi Smit,3240 UD,52.0
P1001,Electronics,Wireless Earbuds,Most features work really well.,4,2024-03-27,C0202,Emma Peters,6977 XE,31.0
P1002,Electronics,Smartphone X,"Fantastic, everything works perfectly.",5,2024-03-01,C0084,Noah Visser,3165 ZR,26.0
P3002,Beauty,Shampoo Repair,Battery life is horrible.,1,2023-10-07,C0129,Noah Smit,8894 ZJ,35.0
P3002,Beauty,Shampoo Repair,"Not great, but I can still use it.",2,2023-03-19,C0120,Noah Visser,7511 ZR,54.0
P3002,Beauty,Shampoo Repair,"Works as described, would recommend.",4,2024-02-09,C0203,Emma Smit,9791 DO,26.0
P3002,Beauty,Shampoo Repair,Most features work really well.,4,2024-01-26,C0150,Sophie de Vries,4830 PA,37.0
P5002,Clothing,Jeans Classic Fit,Exceeded my expectations in some areas.,4,2024-09-16,C0084,Olivia de Vries,8606 WJ,51.0
P4001,Grocery,Organic Coffee Beans,"Very disappointed, not as described.",1,2023-02-16,C0036,Emma Smit,9071 DD,49.0
P2002,Home,Air Purifier,Exceeded my expectations in some areas.,4,2024-02-02,C0035,Daan Meijer,,38.0
P2001,Home,Robot Vacuum,Customer service was outstanding.,5,2023-04-12,C0168,Daan Peters,7686 IB,59.0
P3002,Beauty,Shampoo Repair,Good value for money.,4,2024-03-31,C0114,Olivia Meijer,2627 VL,36.0
P5001,Clothing,Basic T-Shirt,Comfortable to use and easy to set up.,4,2024-02-12,C0016,Lucas Visser,3001 OC,38.0
P2002,Home,Air Purifier,"Top-notch product, worth every euro.",5,2023-01-22,C0249,Emma Meijer,4990 EZ,20.0
P5002,Clothing,Jeans Classic Fit,Good value for money.,4,2024-07-21,C0018,Olivia Peters,4538 HK,49.0
P2001,Home,Robot Vacuum,Would definitely consider buying again.,4,2023-10-11,C0001,Noah Bakker,9850 IZ,44.0
P2001,Home,Robot Vacuum,"Works as described, would recommend.",4,2023-01-27,C0170,Noah Jansen,6869 ZZ,38.0
P2002,Home,Air Purifier,"Top-notch product, worth every euro.",5,2023-01-17,C0083,Noah Smit,1858 EX,33.0
P4001,Grocery,Organic Coffee Beans,,4,2023-03-07,C0030,Daan de Boer,6931 QS,39.0
P1002,Electronics,Smartphone X,Far exceeded my expectations.,5,2023-08-15,C0129,Levi Jansen,9543 JO,32.0
P1001,Electronics,Wireless Earbuds,"Very good quality, happy with the purchase.",4,2024-02-16,C0123,Mila de Vries,9032 WO,34.0
P1002,Electronics,Smartphone X,"Works as described, would recommend.",4,2024-09-14,C0083,Noah de Vries,3067 IT,
P5002,Clothing,Jeans Classic Fit,I use this every day and it never disappoints.,5,2023-11-29,C0183,Mila Peters,9692 JO,43.0
P5001,Clothing,Basic T-Shirt,Good enough for occasional use.,3,2023-04-12,C0111,Liam Kok,4522 NO,42.0
P2002,Home,Air Purifier,Customer service was outstanding.,5,2024-04-09,C0087,Mila Mulder,2557 KN,31.0
P3002,Beauty,Shampoo Repair,"Fantastic, everything works perfectly.",5,2023-06-06,C0096,Daan de Vries,2494 CC,21.0
P4001,Grocery,Organic Coffee Beans,"Absolutely love it, would buy again.",5,2024-01-17,C0191,Noah Kok,1982 SR,27.0
P5001,Clothing,Basic T-Shirt,Comfortable to use and easy to set up.,4,2023-05-06,C0172,Mila Meijer,7929 XB,51.0
P3001,Beauty,Hydrating Face Cream,"Top-notch product, worth every euro.",5,2023-12-27,C0080,Liam Peters,9313 GE,34.0
P4002,Grocery,Gluten-Free Pasta,Expected more for this price.,2,2023-04-21,C0217,Sophie Kok,7022 DY,38.0
P3001,Beauty,Hydrating Face Cream,"Top-notch product, worth every euro.",5,2024-03-15,C0058,Julia Peters,1430 TV,46.0
P3001,Beauty,Hydrating Face Cream,"Very good quality, happy with the purchase.",4,2023-10-07,C0047,Lucas Meijer,6751 AF,35.0
P2001,Home,Robot Vacuum,One of the worst purchases I've made.,1,2024-02-15,C0169,Liam Bakker,1502 CX,45.0
P5001,Clothing,Basic T-Shirt,Best purchase I've made this year.,5,2024-03-05,C0097,Daan Meijer,3578 LJ,
P3002,Beauty,Shampoo Repair,"Top-notch product, worth every euro.",5,2023-03-28,C0153,Emma Bakker,,32.0
P1001,Electronics,Wireless Earbuds,"Absolutely love it, would buy again.",5,2024-03-29,C0070,Mila de Boer,8242 NI,55.0
P2002,Home,Air Purifier,Exceeded my expectations in some areas.,4,2023-12-20,C0030,Mila de Vries,5640 VV,47.0
P5002,Clothing,Jeans Classic Fit,"Product is fine, shipping was slow.",3,2024-11-14,C0135,Lucas Jansen,4612 MT,48.0
P1001,Electronics,Wireless Earbuds,"Excellent product, highly recommended!",5,2023-11-05,C0053,Olivia Bakker,5186 JK,27.0
P1002,Electronics,Smartphone X,"Excellent product, highly recommended!",5,2024-03-16,C0128,Noah Bakker,,31.0
P2002,Home,Air Purifier,Exceeded my expectations in some areas.,4,2024-11-15,C0144,Sophie de Vries,7505 XB,37.0
P4001,Grocery,Organic Coffee Beans,"Very good quality, happy with the purchase.",4,2023-03-21,C0118,Sophie Peters,8033 SM,35.0
P4001,Grocery,Organic Coffee Beans,"Some features work, others don't.",2,2024-02-19,C0030,Emma Meijer,3815 ZT,45.0
P4002,Grocery,Gluten-Free Pasta,Feels outdated and slow.,2,2024-03-23,C0023,Liam Visser,8138 SM,43.0
P5001,Clothing,Basic T-Shirt,"Not great, but I can still use it.",2,2023-11-14,C0102,Sophie Visser,6456 YF,
P1002,Electronics,Smartphone X,Had to contact support several times.,2,2023-04-27,C0163,Julia Kok,4176 YL,34.0
P3002,Beauty,Shampoo Repair,Great quality and amazing performance.,5,2023-04-16,C0061,Noah Smit,4232 FT,39.0
P2001,Home,Robot Vacuum,,5,2024-10-05,C0046,Daan de Boer,8354 VS,48.0
P5002,Clothing,Jeans Classic Fit,Superb build quality and design.,5,2024-10-04,C0222,Sophie Bakker,8205 CP,33.0
P4002,Grocery,Gluten-Free Pasta,"Fantastic, everything works perfectly.",5,2023-10-09,C0204,Levi Jansen,6766 QC,32.0
P3001,Beauty,Hydrating Face Cream,Design is okay but functionality is lacking.,2,2023-02-08,C0116,Emma Meijer,5703 CU,50.0
P1002,Electronics,Smartphone X,"Top-notch product, worth every euro.",5,2024-06-03,C0153,Mila de Boer,1672 OZ,19.0
P5002,Clothing,Jeans Classic Fit,Best purchase I've made this year.,5,2024-09-11,C0083,Daan Kok,3471 BO,52.0
P1002,Electronics,Smartphone X,Feels outdated and slow.,2,2023-03-28,C0183,Julia Bakker,1641 HW,35.0
P4002,Grocery,Gluten-Free Pasta,Overall a positive experience.,4,2024-06-19,C0135,Levi Bakker,6962 LJ,37.0
P4001,Grocery,Organic Coffee Beans,Instructions were unclear and confusing.,2,2023-12-13,C0199,Levi Jansen,6482 CK,
P1002,Electronics,Smartphone X,Exceeded my expectations in some areas.,4,2024-01-31,C0174,Lucas Smit,3463 KC,44.0
P5002,Clothing,Jeans Classic Fit,Great quality and amazing performance.,5,2023-12-25,C0235,Lucas Mulder,3112 TW,24.0
P1002,Electronics,Smartphone X,"Fantastic, everything works perfectly.",5,2024-01-21,C0144,Sophie Bakker,9624 CU,30.0
P4001,Grocery,Organic Coffee Beans,Exactly what you would expect at this price point.,3,2023-01-19,C0093,Sophie Smit,3953 GK,38.0
P4002,Grocery,Gluten-Free Pasta,Best purchase I've made this year.,5,2023-05-21,C0058,Noah de Vries,5846 ZD,
P5001,Clothing,Basic T-Shirt,Had to contact support several times.,2,2024-06-23,C0214,Emma Meijer,3147 TM,42.0
P2001,Home,Robot Vacuum,"Solid product, feels durable.",4,2024-12-10,C0047,Levi Bakker,8170 BN,38.0
P3002,Beauty,Shampoo Repair,Good value for money.,4,2024-03-30,C0249,Levi Smit,,34.0
P2002,Home,Air Purifier,Most features work really well.,4,2024-04-25,C0248,Olivia Meijer,8218 OY,54.0
P3001,Beauty,Hydrating Face Cream,Delivered on time and well packaged.,4,2024-06-24,C0129,Mila Bakker,4271 ZT,37.0
P2001,Home,Robot Vacuum,Most features work really well.,4,2024-10-18,C0014,Daan Meijer,2680 WQ,46.0
P1002,Electronics,Smartphone X,Works fine but could be improved.,3,2023-06-14,C0022,Lucas de Boer,9410 EN,36.0
P1002,Electronics,Smartphone X,Good value for money.,4,2024-04-06,C0210,Sophie Jansen,7797 BM,25.0
P5001,Clothing,Basic T-Shirt,Comfortable to use and easy to set up.,4,2024-01-31,C0061,Liam Meijer,,20.0
P1002,Electronics,Smartphone X,Superb build quality and design.,5,2023-05-30,C0203,Noah Jansen,5700 PW,41.0
P2001,Home,Robot Vacuum,,4,2024-09-22,C0115,Emma de Vries,1311 IG,44.0
P2001,Home,Robot Vacuum,Exceeded my expectations in some areas.,4,2024-09-15,C0241,Julia Mulder,2821 YJ,51.0
P2002,Home,Air Purifier,"Fantastic, everything works perfectly.",5,2023-02-18,C0032,Olivia Mulder,8489 CD,37.0
P4002,Grocery,Gluten-Free Pasta,"Top-notch product, worth every euro.",5,2023-01-17,C0138,Julia Peters,4963 WE,35.0
P3001,Beauty,Hydrating Face Cream,,5,2024-09-21,C0001,Sophie Visser,7825 FV,40.0
P1002,Electronics,Smartphone X,Exceeded my expectations in some areas.,4,2024-01-05,C0250,Liam Kok,9914 QZ,28.0
P5001,Clothing,Basic T-Shirt,I use this every day and it never disappoints.,5,2024-02-04,C0006,Daan Jansen,,40.0
P1001,Electronics,Wireless Earbuds,Comfortable to use and easy to set up.,4,2023-03-11,C0202,Sophie Visser,2698 YS,40.0
P3002,Beauty,Shampoo Repair,"Solid product, feels durable.",4,2023-12-27,C0012,Julia Meijer,3868 YV,37.0
P4002,Grocery,Gluten-Free Pasta,Far exceeded my expectations.,5,2023-07-06,C0162,Noah de Vries,8498 BJ,37.0
P2002,Home,Air Purifier,"Excellent product, highly recommended!",5,2023-07-24,C0203,Emma Meijer,6080 QM,51.0
P5001,Clothing,Basic T-Shirt,Far exceeded my expectations.,5,2023-02-07,C0065,Olivia Smit,6848 YB,40.0
P3002,Beauty,Shampoo Repair,"Fantastic, everything works perfectly.",5,2024-01-12,C0032,Mila Mulder,8204 MK,35.0
P2001,Home,Robot Vacuum,Design is okay but functionality is lacking.,2,2024-05-24,C0178,Sophie Kok,5369 ZC,23.0
P4001,Grocery,Organic Coffee Beans,"Absolutely love it, would buy again.",5,2024-09-08,C0111,Noah Kok,5813 KD,25.0
P1002,Electronics,Smartphone X,Comfortable to use and easy to set up.,4,2023-10-30,C0170,Lucas de Boer,7981 FW,42.0
P4002,Grocery,Gluten-Free Pasta,Comfortable to use and easy to set up.,4,2023-02-13,C0115,Sophie Peters,8126 IU,30.0
P1001,Electronics,Wireless Earbuds,"Works as described, would recommend.",4,2024-10-14,C0172,Mila Meijer,9406 ZX,35.0
P2001,Home,Robot Vacuum,"Very good quality, happy with the purchase.",4,2024-09-14,C0037,Daan Jansen,3068 CH,39.0
P3002,Beauty,Shampoo Repair,Superb build quality and design.,5,2024-08-03,C0099,Emma Peters,3513 VO,51.0
P3002,Beauty,Shampoo Repair,Comfortable to use and easy to set up.,4,2023-03-20,C0114,Levi Bakker,9674 LM,47.0
P3002,Beauty,Shampoo Repair,Most features work really well.,4,2023-04-27,C0064,Emma Bakker,9176 QM,39.0
P5001,Clothing,Basic T-Shirt,"Not great, but I can still use it.",2,2023-09-24,C0068,Daan Visser,5678 WP,51.0
P2002,Home,Air Purifier,"It's okay, nothing special.",3,2023-03-17,C0035,Daan Bakker,8292 CZ,45.0
P3002,Beauty,Shampoo Repair,Feels outdated and slow.,2,2023-03-08,C0182,Julia Kok,5757 JF,22.0
P2001,Home,Robot Vacuum,Comfortable to use and easy to set up.,4,2023-08-18,C0131,Liam Visser,,50.0
P4002,Grocery,Gluten-Free Pasta,"Excellent product, highly recommended!",5,2024-07-21,C0093,Levi Meijer,8657 ZR,39.0
P2001,Home,Robot Vacuum,"Top-notch product, worth every euro.",5,2023-03-30,C0227,Liam Smit,7523 WX,18.0
P4002,Grocery,Gluten-Free Pasta,Exceeded my expectations in some areas.,4,2024-02-24,C0106,Levi de Vries,3053 KU,46.0
P1002,Electronics,Smartphone X,Far exceeded my expectations.,5,2024-11-27,C0120,Julia Meijer,3102 YR,40.0
P5002,Clothing,Jeans Classic Fit,Quality is poor compared to similar products.,2,2023-05-13,C0197,Mila Kok,1907 DQ,37.0
P2001,Home,Robot Vacuum,Works fine but could be improved.,3,2023-06-15,C0043,Sophie Visser,,45.0
P1002,Electronics,Smartphone X,Most features work really well.,4,2024-10-12,C0051,Julia Smit,3050 UJ,37.0
P5002,Clothing,Jeans Classic Fit,Exceeded my expectations in some areas.,4,2024-05-29,C0024,Noah Peters,3526 FV,41.0
P5002,Clothing,Jeans Classic Fit,Would definitely consider buying again.,4,2024-07-31,C0087,Emma Jansen,2330 BU,36.0
P5002,Clothing,Jeans Classic Fit,,2,2023-08-04,C0167,Levi Mulder,1496 PU,37.0
P5001,Clothing,Basic T-Shirt,"Some features work, others don't.",2,2023-11-06,C0165,Daan Visser,,28.0
P1002,Electronics,Smartphone X,"Very good quality, happy with the purchase.",4,2024-03-26,C0041,Mila de Boer,8609 GK,42.0
P5002,Clothing,Jeans Classic Fit,Great quality and amazing performance.,5,2023-11-23,C0081,Sophie Mulder,3142 YL,56.0
P5001,Clothing,Basic T-Shirt,Exactly what you would expect at this price point.,3,2023-11-23,C0028,Olivia de Boer,3007 IO,35.0
P2002,Home,Air Purifier,Decent quality for the price.,3,2023-02-21,C0025,Lucas Mulder,7850 HF,
P3002,Beauty,Shampoo Repair,"Would not buy again, but not a total disaster.",2,2023-11-17,C0185,Olivia Bakker,9163 QO,32.0
P4002,Grocery,Gluten-Free Pasta,"Some features work, others don't.",2,2023-01-24,C0128,Liam Mulder,9281 OH,25.0
P2002,Home,Air Purifier,,4,2023-02-19,C0091,Emma Smit,9108 TU,36.0
P4002,Grocery,Gluten-Free Pasta,Most features work really well.,4,2023-01-09,C0138,Liam Mulder,3194 IX,37.0
P3002,Beauty,Shampoo Repair,Customer service was outstanding.,5,2023-02-16,C0094,Mila Jansen,4189 LR,38.0
P3001,Beauty,Hydrating Face Cream,"Works as described, would recommend.",4,2024-05-31,C0099,Daan Kok,5582 TV,45.0
P5002,Clothing,Jeans Classic Fit,"Absolutely love it, would buy again.",5,2023-04-10,C0033,Mila Meijer,6555 RL,32.0
P2001,Home,Robot Vacuum,"Some pros and cons, overall neutral.",3,2024-06-05,C0155,Mila Kok,1659 BB,33.0
P2001,Home,Robot Vacuum,Comfortable to use and easy to set up.,4,2024-04-30,C0206,Julia de Boer,3440 TQ,26.0
P2001,Home,Robot Vacuum,Comfortable to use and easy to set up.,4,2024-09-19,C0239,Sophie Bakker,7438 TX,32.0
P3001,Beauty,Hydrating Face Cream,"Top-notch product, worth every euro.",5,2024-06-03,C0087,Julia Kok,9025 WS,18.0
P3001,Beauty,Hydrating Face Cream,Looks cheap and feels flimsy.,1,2023-01-18,C0209,Sophie Meijer,2795 NS,45.0
P3001,Beauty,Hydrating Face Cream,"Excellent product, highly recommended!",5,2024-04-30,C0153,Lucas Peters,4728 XB,29.0
P5002,Clothing,Jeans Classic Fit,,4,2024-06-20,C0044,Levi Mulder,3421 VH,29.0
P1001,Electronics,Wireless Earbuds,Would definitely consider buying again.,4,2024-12-18,C0243,Liam Visser,1310 OK,38.0
P4001,Grocery,Organic Coffee Beans,"Solid product, feels durable.",4,2024-12-08,C0106,Olivia Mulder,9221 YT,30.0
P4002,Grocery,Gluten-Free Pasta,"Very good quality, happy with the purchase.",4,2023-05-22,C0181,Julia Visser,6325 VP,29.0
P5001,Clothing,Basic T-Shirt,Performance is far below expectations.,1,2023-06-27,C0081,Daan Kok,6608 RL,28.0
P3001,Beauty,Hydrating Face Cream,Would definitely consider buying again.,4,2023-07-16,C0124,Olivia Smit,5890 HJ,32.0
P3001,Beauty,Hydrating Face Cream,Expected more for this price.,2,2024-12-22,C0177,Daan Meijer,8861 LR,39.0
P3001,Beauty,Hydrating Face Cream,Most features work really well.,4,2024-08-10,C0032,Julia Mulder,7464 LY,46.0
P2001,Home,Robot Vacuum,"Fantastic, everything works perfectly.",5,2023-10-22,C0011,Liam Meijer,8247 UI,30.0
P4002,Grocery,Gluten-Free Pasta,,4,2024-07-05,C0052,Lucas Kok,5450 ED,37.0
P5002,Clothing,Jeans Classic Fit,,4,2023-09-06,C0062,Emma Kok,4697 UH,34.0
P1001,Electronics,Wireless Earbuds,"Not great, but I can still use it.",2,2023-12-05,C0106,Daan de Vries,3252 AR,52.0
P2001,Home,Robot Vacuum,"Not bad, but I expected a bit more.",3,2024-05-02,C0168,Daan Visser,5706 KJ,50.0
P1001,Electronics,Wireless Earbuds,"Works as described, would recommend.",4,2024-08-10,C0167,Olivia Kok,,26.0
P2001,Home,Robot Vacuum,"Very good quality, happy with the purchase.",4,2024-02-11,C0215,Daan Bakker,5742 BA,38.0
P3001,Beauty,Hydrating Face Cream,Good enough for occasional use.,3,2023-04-20,C0155,Sophie Smit,8444 UR,39.0
P5001,Clothing,Basic T-Shirt,Design is okay but functionality is lacking.,2,2023-05-18,C0228,Julia de Boer,5470 GZ,33.0
P1002,Electronics,Smartphone X,Meets the basic requirements.,3,2024-04-14,C0042,Lucas Bakker,1230 XK,32.0
P3001,Beauty,Hydrating Face Cream,Good enough for occasional use.,3,2023-07-17,C0173,Noah Peters,7643 NQ,30.0
P3002,Beauty,Shampoo Repair,"Absolutely love it, would buy again.",5,2024-11-16,C0103,Liam Bakker,3303 PK,33.0
P2002,Home,Air Purifier,"Below average, works but with many issues.",2,2024-01-28,C0067,Olivia de Boer,5374 KJ,18.0
P5002,Clothing,Jeans Classic Fit,"Top-notch product, worth every euro.",5,2023-09-25,C0003,Sophie Visser,2017 VD,44.0
P4002,Grocery,Gluten-Free Pasta,"Some features work, others don't.",2,2024-02-20,C0041,Julia Smit,2923 UJ,41.0
P3002,Beauty,Shampoo Repair,"Top-notch product, worth every euro.",5,2023-08-13,C0057,Noah de Boer,3509 OX,37.0
P5002,Clothing,Jeans Classic Fit,Superb build quality and design.,5,2024-12-19,C0107,Julia de Boer,9806 ZV,31.0
P2002,Home,Air Purifier,,4,2024-09-02,C0175,Liam Kok,8319 QW,33.0
P3002,Beauty,Shampoo Repair,"Absolutely love it, would buy again.",5,2024-07-31,C0235,Liam Jansen,9972 QG,56.0
P5002,Clothing,Jeans Classic Fit,Exactly what you would expect at this price point.,3,2023-06-18,C0039,Sophie Kok,8239 DV,52.0
P2002,Home,Air Purifier,"Top-notch product, worth every euro.",5,2023-04-04,C0126,Julia de Boer,1911 OE,32.0
P5001,Clothing,Basic T-Shirt,Delivered on time and well packaged.,4,2024-07-31,C0117,Emma Kok,8575 VZ,28.0
P3001,Beauty,Hydrating Face Cream,"Very good quality, happy with the purchase.",4,2023-09-18,C0102,Emma Visser,2196 BN,
P3002,Beauty,Shampoo Repair,"Works as described, would recommend.",4,2023-03-03,C0139,Liam de Boer,1519 JN,
P2001,Home,Robot Vacuum,Decent quality for the price.,3,2024-10-18,C0197,Mila Meijer,7266 OM,27.0
P4001,Grocery,Organic Coffee Beans,"Works as described, would recommend.",4,2024-11-08,C0175,Julia Bakker,6697 DF,40.0
P5001,Clothing,Basic T-Shirt,Delivered on time and well packaged.,4,2023-05-11,C0136,Olivia Jansen,1372 JO,36.0
P5001,Clothing,Basic T-Shirt,Instructions were unclear and confusing.,2,2024-01-24,C0137,Olivia Visser,8546 LE,34.0
P3001,Beauty,Hydrating Face Cream,Expected more for this price.,2,2023-04-26,C0240,Emma Mulder,,32.0
P1002,Electronics,Smartphone X,"Works as described, would recommend.",4,2023-02-04,C0153,Daan Peters,1797 HX,44.0
P1001,Electronics,Wireless Earbuds,Customer service was outstanding.,5,2023-08-28,C0113,Julia Visser,1924 EQ,31.0
P3001,Beauty,Hydrating Face Cream,Good value for money.,4,2024-08-12,C0209,Sophie Peters,6253 HJ,59.0
P2001,Home,Robot Vacuum,Exceeded my expectations in some areas.,4,2024-02-28,C0057,Lucas Smit,1998 RS,39.0
P2001,Home,Robot Vacuum,"Not bad, but I expected a bit more.",3,2024-05-22,C0143,Emma Meijer,7244 ZQ,38.0
P3002,Beauty,Shampoo Repair,Instructions were unclear and confusing.,2,2023-06-02,C0105,Lucas Mulder,4012 YR,
P4002,Grocery,Gluten-Free Pasta,Best purchase I've made this year.,5,2023-08-19,C0218,Lucas Bakker,8586 BR,52.0
P4001,Grocery,Organic Coffee Beans,Instructions were unclear and confusing.,2,2024-06-26,C0143,Noah Mulder,4978 IG,32.0
P3002,Beauty,Shampoo Repair,"It's okay, nothing special.",3,2024-04-05,C0237,Sophie de Vries,9775 XG,43.0
P1001,Electronics,Wireless Earbuds,Works fine but could be improved.,3,2024-11-20,C0097,Levi Peters,1647 CG,42.0
P5002,Clothing,Jeans Classic Fit,Exceeded my expectations in some areas.,4,2024-05-05,C0056,Olivia Meijer,5967 AG,47.0
P2002,Home,Air Purifier,"Works as described, would recommend.",4,2024-05-05,C0192,Olivia Peters,4350 MH,35.0
P5001,Clothing,Basic T-Shirt,Superb build quality and design.,5,2023-10-17,C0199,Mila de Boer,9743 UL,46.0
P3001,Beauty,Hydrating Face Cream,Most features work really well.,4,2024-06-09,C0093,Daan de Boer,2615 ZX,31.0
P4002,Grocery,Gluten-Free Pasta,Comfortable to use and easy to set up.,4,2023-07-28,C0235,Sophie Meijer,7781 BS,18.0
P2002,Home,Air Purifier,Great quality and amazing performance.,5,2023-09-25,C0005,Julia Peters,7841 JE,23.0
P2002,Home,Air Purifier,Superb build quality and design.,5,2024-01-24,C0059,Levi Visser,9180 RU,38.0
P3002,Beauty,Shampoo Repair,Most features work really well.,4,2024-05-15,C0196,Daan de Boer,3756 XZ,46.0
P3002,Beauty,Shampoo Repair,"Solid product, feels durable.",4,2024-07-13,C0036,Daan Bakker,9882 UB,38.0
P5001,Clothing,Basic T-Shirt,"Below average, works but with many issues.",2,2023-03-18,C0215,Emma Jansen,7756 EU,39.0
P2002,Home,Air Purifier,"Works as described, would recommend.",4,2023-06-04,C0182,Emma Visser,,43.0
P1001,Electronics,Wireless Earbuds,"Would not buy again, but not a total disaster.",2,2024-11-13,C0164,Levi de Boer,8993 AA,42.0
P5001,Clothing,Basic T-Shirt,Exceeded my expectations in some areas.,4,2023-01-13,C0106,Emma Kok,5501 RJ,49.0
P1001,Electronics,Wireless Earbuds,I use this every day and it never disappoints.,5,2024-12-15,C0209,Mila Bakker,2753 DQ,33.0
P2001,Home,Robot Vacuum,Good value for money.,4,2024-09-26,C0050,Julia Smit,6807 IZ,41.0
P4001,Grocery,Organic Coffee Beans,"It's okay, nothing special.",3,2024-02-20,C0096,Daan Peters,4984 WH,51.0
P3001,Beauty,Hydrating Face Cream,"Absolutely love it, would buy again.",5,2024-10-27,C0168,Emma de Vries,7640 MM,41.0
P5001,Clothing,Basic T-Shirt,Overall a positive experience.,4,2024-10-14,C0015,Emma Bakker,2354 PN,49.0
P3002,Beauty,Shampoo Repair,"Would not buy again, but not a total disaster.",2,2023-04-08,C0220,Julia Jansen,4764 GW,33.0
P5002,Clothing,Jeans Classic Fit,"Product is fine, shipping was slow.",3,2023-02-17,C0070,Liam Smit,9897 SV,46.0
P1001,Electronics,Wireless Earbuds,"Solid product, feels durable.",4,2023-11-19,C0238,Emma Visser,,46.0
P4001,Grocery,Organic Coffee Beans,"Works as described, would recommend.",4,2023-06-16,C0077,Levi Visser,7375 VR,23.0
P3002,Beauty,Shampoo Repair,Delivered on time and well packaged.,4,2023-05-24,C0194,Liam Kok,6666 BD,40.0
P4001,Grocery,Organic Coffee Beans,"Some pros and cons, overall neutral.",3,2023-03-19,C0215,Sophie Peters,7499 YK,39.0
P1001,Electronics,Wireless Earbuds,Most features work really well.,4,2024-04-06,C0201,Daan Visser,6829 RM,45.0
P4001,Grocery,Organic Coffee Beans,"Solid product, feels durable.",4,2024-08-22,C0175,Mila de Vries,5839 ZH,39.0
P1002,Electronics,Smartphone X,"Works as described, would recommend.",4,2023-06-07,C0069,Mila Bakker,7383 KL,61.0
P1002,Electronics,Smartphone X,"Very disappointed, not as described.",1,2023-11-12,C0002,Daan Meijer,5419 DE,54.0
P1002,Electronics,Smartphone X,Great quality and amazing performance.,5,2024-04-04,C0111,Julia Kok,9395 ND,43.0
P1001,Electronics,Wireless Earbuds,"Absolutely love it, would buy again.",5,2024-07-21,C0091,Liam Peters,6315 MA,40.0
P3001,Beauty,Hydrating Face Cream,Delivered on time and well packaged.,4,2023-03-28,C0100,Julia Visser,9537 FV,27.0
P4001,Grocery,Organic Coffee Beans,"Solid product, feels durable.",4,2023-10-03,C0036,Lucas Smit,9079 EC,39.0
P2001,Home,Robot Vacuum,Customer service was outstanding.,5,2024-03-07,C0071,Lucas de Boer,2260 LI,38.0
P2002,Home,Air Purifier,Overall a positive experience.,4,2024-09-23,C0153,Olivia de Boer,2752 EJ,60.0
P1001,Electronics,Wireless Earbuds,Delivered on time and well packaged.,4,2024-09-27,C0086,Mila Meijer,8212 KN,42.0
P5002,Clothing,Jeans Classic Fit,Quality is poor compared to similar products.,2,2023-11-25,C0077,Levi Visser,8848 KF,47.0
P4001,Grocery,Organic Coffee Beans,Packaging was fine but the product is useless.,1,2024-12-12,C0075,Daan Peters,4971 KM,32.0
P3001,Beauty,Hydrating Face Cream,Delivered on time and well packaged.,4,2023-04-27,C0094,Levi Visser,9939 FV,45.0
P5001,Clothing,Basic T-Shirt,"Excellent product, highly recommended!",5,2024-04-17,C0244,Olivia de Boer,5773 WC,18.0
P4001,Grocery,Organic Coffee Beans,Overall a positive experience.,4,2024-10-10,C0036,Lucas Visser,5139 VE,49.0
P4001,Grocery,Organic Coffee Beans,,4,2024-04-04,C0019,Levi de Boer,,30.0
P4001,Grocery,Organic Coffee Beans,Exactly what you would expect at this price point.,3,2024-01-04,C0010,Julia Peters,2392 DY,27.0
P2002,Home,Air Purifier,Meets the basic requirements.,3,2024-10-24,C0043,Levi Jansen,,36.0
P4001,Grocery,Organic Coffee Beans,"Works as described, would recommend.",4,2023-04-11,C0003,Lucas Visser,9366 XQ,45.0
P5001,Clothing,Basic T-Shirt,Would definitely consider buying again.,4,2024-08-12,C0177,Olivia de Boer,7129 MO,36.0
P5002,Clothing,Jeans Classic Fit,Exceeded my expectations in some areas.,4,2023-12-20,C0039,Emma de Boer,2712 JN,28.0
P1002,Electronics,Smartphone X,"Absolutely love it, would buy again.",5,2023-05-26,C0213,Sophie Smit,6620 OZ,42.0
P2002,Home,Air Purifier,Had to contact support several times.,2,2023-12-23,C0124,Daan de Vries,8178 XW,30.0
P4002,Grocery,Gluten-Free Pasta,Superb build quality and design.,5,2023-11-04,C0018,Emma de Vries,1370 KU,36.0
P1002,Electronics,Smartphone X,"Solid product, feels durable.",4,2023-09-07,C0239,Julia Bakker,3623 KR,31.0
P4001,Grocery,Organic Coffee Beans,Far exceeded my expectations.,5,2024-02-19,C0060,Noah Bakker,8080 MA,39.0
P5002,Clothing,Jeans Classic Fit,"Some pros and cons, overall neutral.",3,2024-08-29,C0116,Mila Mulder,1072 WG,36.0
P2002,Home,Air Purifier,Works fine but could be improved.,3,2024-12-21,C0193,Liam Peters,2667 ZR,39.0
P2001,Home,Robot Vacuum,Packaging was fine but the product is useless.,1,2023-07-21,C0084,Daan de Vries,5298 VP,61.0
P5001,Clothing,Basic T-Shirt,Feels outdated and slow.,2,2024-02-02,C0153,Levi Mulder,2871 LL,
P4002,Grocery,Gluten-Free Pasta,"Top-notch product, worth every euro.",5,2024-11-20,C0045,Lucas Peters,2388 VE,
P3002,Beauty,Shampoo Repair,"Works as described, would recommend.",4,2023-11-09,C0062,Liam Bakker,7116 WE,18.0
P5001,Clothing,Basic T-Shirt,Delivered on time and well packaged.,4,2024-09-02,C0108,Noah Peters,7286 NF,27.0
P4002,Grocery,Gluten-Free Pasta,Exactly what you would expect at this price point.,3,2024-10-22,C0178,Noah Kok,3733 PJ,39.0
P2001,Home,Robot Vacuum,Great quality and amazing performance.,5,2024-04-06,C0081,Levi Jansen,6882 AP,36.0
P2001,Home,Robot Vacuum,"Some pros and cons, overall neutral.",3,2024-01-29,C0209,Julia Kok,9109 NV,42.0
P4002,Grocery,Gluten-Free Pasta,Delivered on time and well packaged.,4,2024-03-30,C0182,Daan Bakker,2354 SA,34.0
P2002,Home,Air Purifier,Works fine but could be improved.,3,2023-10-09,C0009,Olivia Kok,5729 FY,37.0
P4002,Grocery,Gluten-Free Pasta,"Top-notch product, worth every euro.",5,2024-05-22,C0191,Julia Kok,2854 SD,37.0
P3001,Beauty,Hydrating Face Cream,Exactly what you would expect at this price point.,3,2024-01-11,C0211,Julia Jansen,8231 RG,38.0
P4001,Grocery,Organic Coffee Beans,"It's okay, nothing special.",3,2024-10-31,C0189,Olivia Smit,1528 OI,
P3002,Beauty,Shampoo Repair,"It's okay, nothing special.",3,2023-05-01,C0113,Olivia Visser,6744 WT,36.0
P4001,Grocery,Organic Coffee Beans,"Solid product, feels durable.",4,2023-05-23,C0158,Olivia Visser,1972 SL,34.0
P5001,Clothing,Basic T-Shirt,Works fine but could be improved.,3,2024-07-05,C0153,Noah Meijer,5794 JS,35.0
P3001,Beauty,Hydrating Face Cream,I use this every day and it never disappoints.,5,2024-11-26,C0231,Liam Bakker,7743 BI,40.0
P2001,Home,Robot Vacuum,"Solid product, feels durable.",4,2023-05-30,C0064,Sophie Visser,7434 PE,40.0
P5002,Clothing,Jeans Classic Fit,Most features work really well.,4,2024-02-29,C0161,Mila de Boer,2237 UZ,32.0
P1002,Electronics,Smartphone X,Customer service was outstanding.,5,2023-10-12,C0132,Sophie de Boer,8996 KS,29.0
P1001,Electronics,Wireless Earbuds,"Very disappointed, not as described.",1,2024-04-14,C0188,Sophie de Vries,9756 MG,22.0
P4001,Grocery,Organic Coffee Beans,Best purchase I've made this year.,5,2023-10-02,C0127,Sophie Smit,6533 RS,53.0
P2001,Home,Robot Vacuum,"Top-notch product, worth every euro.",5,2024-05-11,C0219,Sophie Jansen,1752 DU,26.0
P4002,Grocery,Gluten-Free Pasta,"Very good quality, happy with the purchase.",4,2023-06-11,C0032,Daan de Boer,1011 NG,30.0
P2001,Home,Robot Vacuum,Most features work really well.,4,2023-10-08,C0041,Liam Meijer,5102 CL,44.0
P2001,Home,Robot Vacuum,"Very good quality, happy with the purchase.",4,2024-10-02,C0102,Lucas Visser,8032 UC,25.0
P1002,Electronics,Smartphone X,"Very good quality, happy with the purchase.",4,2024-05-03,C0055,Liam Bakker,4705 QV,22.0
P4002,Grocery,Gluten-Free Pasta,"Excellent product, highly recommended!",5,2024-12-13,C0003,Sophie de Vries,7919 WE,33.0
P4002,Grocery,Gluten-Free Pasta,"Absolutely love it, would buy again.",5,2024-01-28,C0059,Liam de Vries,2690 KL,46.0
P3001,Beauty,Hydrating Face Cream,Great quality and amazing performance.,5,2023-05-17,C0098,Noah de Vries,9691 SA,37.0
P5002,Clothing,Jeans Classic Fit,"Solid product, feels durable.",4,2023-12-26,C0113,Olivia Bakker,7745 TV,57.0
P4002,Grocery,Gluten-Free Pasta,"Some pros and cons, overall neutral.",3,2023-04-13,C0023,Noah de Vries,7291 LN,44.0
P3002,Beauty,Shampoo Repair,,2,2023-10-11,C0064,Liam Visser,5668 YW,26.0
P1001,Electronics,Wireless Earbuds,Works fine but could be improved.,3,2024-06-14,C0053,Levi Kok,4090 XM,38.0
P3001,Beauty,Hydrating Face Cream,"Terrible quality, stopped working after a week.",1,2023-09-03,C0201,Daan Mulder,2847 HP,23.0
P5002,Clothing,Jeans Classic Fit,"Works as described, would recommend.",4,2023-01-13,C0136,Sophie Meijer,3162 MS,42.0
P4001,Grocery,Organic Coffee Beans,Comfortable to use and easy to set up.,4,2024-11-30,C0140,Noah de Boer,2195 AS,33.0
P1002,Electronics,Smartphone X,,1,2023-08-09,C0068,Emma Jansen,7520 QJ,42.0
P5001,Clothing,Basic T-Shirt,Instructions were unclear and confusing.,2,2024-12-19,C0109,Mila de Vries,9791 RT,52.0
P2001,Home,Robot Vacuum,Most features work really well.,4,2023-11-14,C0022,Liam Kok,4329 ZE,52.0
P5001,Clothing,Basic T-Shirt,Meets the basic requirements.,3,2024-08-23,C0101,Liam Smit,8167 XH,
P1001,Electronics,Wireless Earbuds,Good value for money.,4,2024-03-20,C0023,Liam de Boer,1901 JV,
P2001,Home,Robot Vacuum,"Works as described, would recommend.",4,2024-12-25,C0004,Noah Jansen,3684 PL,34.0
P5001,Clothing,Basic T-Shirt,Exceeded my expectations in some areas.,4,2023-09-23,C0201,Noah Meijer,3079 XY,39.0
P3001,Beauty,Hydrating Face Cream,"It's okay, nothing special.",3,2023-01-31,C0198,Sophie Mulder,5456 QC,24.0
P3001,Beauty,Hydrating Face Cream,Would definitely consider buying again.,4,2023-03-20,C0161,Daan de Boer,9368 LB,30.0
P4002,Grocery,Gluten-Free Pasta,"Top-notch product, worth every euro.",5,2024-01-12,C0043,Noah Smit,2685 SV,43.0
P1002,Electronics,Smartphone X,Good value for money.,4,2024-06-05,C0190,Emma Jansen,1201 HB,22.0
P4002,Grocery,Gluten-Free Pasta,Comfortable to use and easy to set up.,4,2023-06-03,C0099,Noah Jansen,7870 HK,38.0
P2002,Home,Air Purifier,"Not bad, but I expected a bit more.",3,2023-11-24,C0235,Lucas de Vries,7108 DQ,39.0
P1001,Electronics,Wireless Earbuds,Item arrived broken and customer service was unhelpful.,1,2024-06-12,C0058,Emma Mulder,2129 OJ,43.0
P3001,Beauty,Hydrating Face Cream,Feels outdated and slow.,2,2024-07-20,C0023,Daan Jansen,7044 GJ,24.0
P5002,Clothing,Jeans Classic Fit,Most features work really well.,4,2024-09-29,C0190,Olivia de Boer,7033 SP,22.0
P2002,Home,Air Purifier,I use this every day and it never disappoints.,5,2023-09-09,C0195,Noah Jansen,7718 AH,46.0
P5001,Clothing,Basic T-Shirt,Feels outdated and slow.,2,2024-12-11,C0163,Emma Meijer,1023 YV,39.0
P4001,Grocery,Organic Coffee Beans,Most features work really well.,4,2023-07-30,C0027,Julia Visser,7878 PB,34.0
P2001,Home,Robot Vacuum,Most features work really well.,4,2023-02-14,C0024,Olivia Kok,7767 WL,23.0
P4002,Grocery,Gluten-Free Pasta,"Absolutely love it, would buy again.",5,2023-04-08,C0149,Julia Bakker,7461 CS,34.0
P5002,Clothing,Jeans Classic Fit,"Excellent product, highly recommended!",5,2024-11-09,C0112,Noah Visser,5778 IK,28.0
P4001,Grocery,Organic Coffee Beans,Comfortable to use and easy to set up.,4,2024-04-08,C0082,Lucas Visser,2223 GE,46.0
P5002,Clothing,Jeans Classic Fit,"Works as described, would recommend.",4,2023-04-19,C0040,Noah de Boer,8635 KN,26.0
P1002,Electronics,Smartphone X,Exceeded my expectations in some areas.,4,2023-08-01,C0092,Daan Smit,8591 ID,35.0
P1002,Electronics,Smartphone X,Great quality and amazing performance.,5,2024-12-03,C0207,Lucas Peters,1660 GK,45.0
P2001,Home,Robot Vacuum,,4,2023-09-12,C0183,Sophie Mulder,9412 BV,43.0
P3001,Beauty,Hydrating Face Cream,Most features work really well.,4,2023-06-28,C0210,Emma Mulder,8408 RX,33.0
P5001,Clothing,Basic T-Shirt,Good value for money.,4,2024-04-18,C0025,Liam Bakker,2989 AB,43.0
P2002,Home,Air Purifier,Decent quality for the price.,3,2024-02-15,C0051,Sophie de Vries,5240 CA,45.0
P1002,Electronics,Smartphone X,Would not recommend this to anyone.,1,2024-10-23,C0232,Daan Bakker,2506 ZK,39.0
P1002,Electronics,Smartphone X,"Very good quality, happy with the purchase.",4,2024-04-17,C0242,Emma Bakker,8096 XM,42.0
P4002,Grocery,Gluten-Free Pasta,"Excellent product, highly recommended!",5,2024-11-30,C0098,Mila Bakker,6799 GF,36.0
P3001,Beauty,Hydrating Face Cream,"Fantastic, everything works perfectly.",5,2023-06-02,C0115,Emma Peters,5026 UJ,48.0
P4002,Grocery,Gluten-Free Pasta,Customer service was outstanding.,5,2024-07-17,C0226,Daan Jansen,2437 IM,37.0
P2001,Home,Robot Vacuum,Delivered on time and well packaged.,4,2024-10-20,C0052,Julia Visser,9907 ZA,25.0
P4001,Grocery,Organic Coffee Beans,Feels outdated and slow.,2,2024-07-11,C0123,Daan Meijer,9231 KM,42.0
P3001,Beauty,Hydrating Face Cream,Quality is poor compared to similar products.,2,2023-11-23,C0007,Levi Visser,1480 ZY,28.0
P3001,Beauty,Hydrating Face Cream,"Excellent product, highly recommended!",5,2024-04-28,C0208,Julia Meijer,4813 FD,49.0
P2002,Home,Air Purifier,,2,2024-06-30,C0069,Emma Visser,7363 LF,
P2001,Home,Robot Vacuum,Best purchase I've made this year.,5,2023-11-22,C0152,Sophie Peters,1462 WW,20.0
P3002,Beauty,Shampoo Repair,Would definitely consider buying again.,4,2023-05-26,C0145,Levi Visser,9064 RJ,45.0
P2001,Home,Robot Vacuum,,4,2023-04-03,C0010,Emma Visser,4584 AQ,40.0
P4002,Grocery,Gluten-Free Pasta,"Average product, does what it should.",3,2024-09-20,C0085,Olivia Bakker,6582 WF,44.0
P3002,Beauty,Shampoo Repair,"Excellent product, highly recommended!",5,2023-06-01,C0006,Levi Bakker,2817 QL,38.0
P1002,Electronics,Smartphone X,Superb build quality and design.,5,2024-11-09,C0181,Mila Peters,2655 KJ,49.0
P3002,Beauty,Shampoo Repair,"Solid product, feels durable.",4,2023-06-11,C0250,Mila de Boer,6198 FW,
P1001,Electronics,Wireless Earbuds,Good value for money.,4,2024-03-20,C0023,Liam de Boer,1901 JV,45.0
P3002,Beauty,Shampoo Repair,Would definitely consider buying again.,4,2023-05-26,C0145,Levi Visser,9064 RJ,45.0
P3002,Beauty,Shampoo Repair,"Top-notch product, worth every euro.",5,2024-05-25,C0194,Daan Jansen,4335 IR,40.0
P3001,Beauty,Hydrating Face Cream,Far exceeded my expectations.,5,2023-03-19,C0064,Daan Kok,2604 BU,
P2002,Home,Air Purifier,"Not bad, but I expected a bit more.",3,2023-11-24,C0235,Lucas de Vries,7108 DQ,39.0
P2001,Home,Robot Vacuum,"Works as described, would recommend.",4,2023-01-27,C0170,Noah Jansen,6869 ZZ,38.0
P5001,Clothing,Basic T-Shirt,,4,2023-01-13,C0106,Emma Kok,5501 RJ,49.0
P3002,Beauty,Shampoo Repair,"Excellent product, highly recommended!",5,2023-06-01,C0006,Levi Bakker,2817 QL,38.0
P4001,Grocery,Organic Coffee Beans,"Solid product, feels durable.",4,2024-12-08,C0106,Olivia Mulder,9221 YT,30.0
P3002,Beauty,Shampoo Repair,"Works as described, would recommend.",4,2023-03-03,C0139,Liam de Boer,1519 JN,35.0
P4002,Grocery,Gluten-Free Pasta,Exceeded my expectations in some areas.,4,2024-09-24,C0010,Liam Visser,5708 HX,54.0
P3001,Beauty,Hydrating Face Cream,Most features work really well.,4,2023-06-28,C0210,Emma Mulder,8408 RX,33.0
P2002,Home,Air Purifier,Delivered on time and well packaged.,4,2023-06-06,C0178,Olivia de Vries,7797 NK,50.0
P5002,Clothing,Jeans Classic Fit,"Very good quality, happy with the purchase.",4,2024-09-12,C0234,Daan Smit,4770 TZ,41.0
P3001,Beauty,Hydrating Face Cream,Most features work really well.,4,2024-06-09,C0093,Daan de Boer,2615 ZX,31.0
P5002,Clothing,Jeans Classic Fit,Would definitely consider buying again.,4,2024-05-16,C0169,Noah de Boer,9824 PL,21.0
P3002,Beauty,Shampoo Repair,Superb build quality and design.,5,2024-08-03,C0099,Emma Peters,3513 VO,51.0
P3002,Beauty,Shampoo Repair,,3,2024-06-07,C0156,Liam Mulder,4114 IB,41.0
P4001,Grocery,Organic Coffee Beans,"Solid product, feels durable.",4,2024-04-17,C0222,Noah Jansen,,43.0
P1002,Electronics,Smartphone X,"Very good quality, happy with the purchase.",4,2024-09-28,C0118,Levi de Vries,2200 RG,
P4001,Grocery,Organic Coffee Beans,Exactly what you would expect at this price point.,3,2024-07-13,C0192,Levi Visser,8999 HI,46.0
P4002,Grocery,Gluten-Free Pasta,"Very good quality, happy with the purchase.",4,2024-07-06,C0192,Emma Meijer,4673 UC,43.0
P4002,Grocery,Gluten-Free Pasta,"Absolutely love it, would buy again.",5,2023-04-08,C0149,Julia Bakker,7461 CS,34.0
P2001,Home,Robot Vacuum,,4,2023-09-08,C0187,Noah de Boer,7216 IU,31.0
P4002,Grocery,Gluten-Free Pasta,"Absolutely love it, would buy again.",5,2023-12-23,C0121,Mila Meijer,6260 VD,38.0
P5002,Clothing,Jeans Classic Fit,"Excellent product, highly recommended!",5,2024-11-09,C0112,Noah Visser,5778 IK,28.0
P5002,Clothing,Jeans Classic Fit,"Solid product, feels durable.",4,2023-12-26,C0113,Olivia Bakker,7745 TV,57.0
P2002,Home,Air Purifier,"Below average, works but with many issues.",2,2024-01-28,C0067,Olivia de Boer,5374 KJ,18.0
P2001,Home,Robot Vacuum,"It's okay, nothing special.",3,2023-12-20,C0114,Levi Smit,7951 WI,52.0
P5001,Clothing,Basic T-Shirt,Comfortable to use and easy to set up.,4,2024-01-31,C0061,Liam Meijer,4678 AK,20.0
P5002,Clothing,Jeans Classic Fit,,2,2023-08-04,C0167,Levi Mulder,1496 PU,37.0
P4001,Grocery,Organic Coffee Beans,"Works as described, would recommend.",4,2023-06-16,C0077,Levi Visser,7375 VR,
P4001,Grocery,Organic Coffee Beans,"Solid product, feels durable.",4,2024-08-22,C0175,Mila de Vries,5839 ZH,39.0
P5001,Clothing,Basic T-Shirt,"Excellent product, highly recommended!",5,2024-07-09,C0169,Daan Mulder,1888 GQ,40.0
P5002,Clothing,Jeans Classic Fit,Battery life is horrible.,1,2024-02-08,C0007,Levi Peters,1444 CU,45.0
P4001,Grocery,Organic Coffee Beans,Exactly what you would expect at this price point.,3,2024-01-04,C0010,Julia Peters,2392 DY,27.0
P3001,Beauty,Hydrating Face Cream,Great quality and amazing performance.,5,2023-05-17,C0098,Noah de Vries,9691 SA,37.0
P4002,Grocery,Gluten-Free Pasta,Customer service was outstanding.,5,2024-07-17,C0226,Daan Jansen,2437 IM,37.0
P2002,Home,Air Purifier,"Product is fine, shipping was slow.",3,2023-12-12,C0084,Mila Smit,7906 IC,26.0
P2001,Home,Robot Vacuum,Overall a positive experience.,4,2023-04-03,C0010,Emma Visser,4584 AQ,40.0
P3001,Beauty,Hydrating Face Cream,"Excellent product, highly recommended!",5,2024-04-28,C0208,Julia Meijer,4813 FD,49.0
P5001,Clothing,Basic T-Shirt,Comfortable to use and easy to set up.,4,2024-02-12,C0016,Lucas Visser,,38.0
P1001,Electronics,Wireless Earbuds,"Would not buy again, but not a total disaster.",2,2024-05-03,C0098,Emma Meijer,5892 YM,33.0
P2001,Home,Robot Vacuum,Design is okay but functionality is lacking.,2,2024-05-24,C0178,Sophie Kok,5369 ZC,23.0
P1001,Electronics,Wireless Earbuds,,3,2024-06-14,C0053,Levi Kok,4090 XM,38.0
P2002,Home,Air Purifier,Meets the basic requirements.,3,2024-10-24,C0043,Levi Jansen,7547 YK,36.0
P2002,Home,Air Purifier,"Excellent product, highly recommended!",5,2023-07-24,C0203,Emma Meijer,6080 QM,51.0
P5001,Clothing,Basic T-Shirt,"Not great, but I can still use it.",2,2023-11-14,C0102,Sophie Visser,6456 YF,50.0
P3002,Beauty,Shampoo Repair,Quality is poor compared to similar products.,2,2023-10-11,C0064,Liam Visser,5668 YW,26.0
P1001,Electronics,Wireless Earbuds,"Below average, works but with many issues.",2,2023-09-11,C0244,Olivia Jansen,3496 HE,36.0
